narrative_group,narrative,video_id,claim_number,claim
1,"The human body and mind have inherent resilience and adaptability, and optimal health and well-being can be achieved through a combination of proper nutrition, probiotics, and mindful management of stress and fear.",,,
,,GUsQnklKljk,1,"A 2010 clinical trial involving 50 SIBO patients found that a probiotic blend (Bifidobacterium and Lactobacillus) led to 82% symptomatic improvement after 5 days, compared to 52% with the antibiotic metronidazole."
,,GUsQnklKljk,2,"A meta-analysis of 43 randomized controlled trials concluded that probiotics are most effective for IBS symptoms (gas, bloating, abdominal pain, altered bowel function) when used for two to three months, rather than shorter durations."
,,GUsQnklKljk,3,A randomized controlled trial in constipated patients observed that probiotic benefits for bowel function began to show significant improvement only after day 60 (two months of use).
,,GUsQnklKljk,4,"For treating constipation, a probiotic duration of 2 months or longer is likely more effective, potentially due to the time needed to reduce underlying dysbiosis or methane SIBO."
,,GUsQnklKljk,5,Probiotics alone have been shown to remedy and eliminate methane-type small intestinal bacterial overgrowth (SIBO).
,,GUsQnklKljk,6,"Methane gas directly slows down gastrointestinal motility, which is a significant factor contributing to constipation."
,,GUsQnklKljk,7,"A comprehensive meta-analysis of 52 randomized controlled trials (over 6,000 patients) found that probiotics improved overall IBS symptoms and specifically reduced abdominal pain."
,,GUsQnklKljk,8,"Probiotics are not only antibacterial but also possess antifungal and antiparasitic properties, achieved by releasing antimicrobial peptides."
,,GUsQnklKljk,9,"Probiotics modulate the immune system, explaining their broad benefits observed in cognition, depression, limbic system balance, thyroid hormone absorption, anti-COVID effects, skin rashes, IBS, inflammatory bowel disease, constipation, and SIBO."
,,GUsQnklKljk,10,"Saccharomyces boulardii, a fungal probiotic, demonstrated an 83% SIBO resolution rate in a 2022 randomized controlled trial when given at 10 billion CFU per day, compared to 23% in the placebo group."
,,GUsQnklKljk,11,"Combining Saccharomyces boulardii (10 billion CFU/day) with a low FODMAP diet resulted in a 40% SIBO resolution rate within just 2 weeks, as shown in a 2023 clinical trial."
,,GUsQnklKljk,12,A small study (27 IBS patients with confirmed leaky gut) reported an 82% improvement or resolution of leaky gut after one month of using a non-proprietary blend of Lactobacillus and Bifidobacterium species.
,,GUsQnklKljk,13,"There are three general types of probiotic formulas: blends of Lactobacillus and Bifidobacterium, Saccharomyces (a healthy fungus), and soil-based or spore-forming probiotics."
,,GUsQnklKljk,14,"Recommended daily doses for probiotics are typically 1-50 billion CFU for Lactobacillus/Bifidobacterium blends, 4-15 billion CFU for Saccharomyces boulardii, and 2-6 billion CFU for soil-based probiotics."
,,GUsQnklKljk,15,"A 'triple therapy' approach, combining all three types of probiotics (Lactobacillus/Bifidobacterium, Saccharomyces, and soil-based), appears to be more effective in some cases, especially when single probiotics have not been sufficient."
,,ACmDxS1blnA,16,"Healthy eating is built on three core pillars: fueling your body with proper macronutrients and micronutrients, maintaining steady energy and blood sugar levels, and prioritizing whole foods."
,,ACmDxS1blnA,17,"The main purpose of eating is to fuel your body and provide it with all essential macronutrients (proteins, fats, carbs) and micronutrients (vitamins, minerals) to function properly."
,,ACmDxS1blnA,18,"Protein is essential for muscle recovery, immune function, and satiety (feeling full)."
,,ACmDxS1blnA,19,"Fats are essential for hormone health, brain health, and nutrient absorption."
,,ACmDxS1blnA,20,The fats you eat do not directly correlate with fat in your body; they are distinct concepts.
,,ACmDxS1blnA,21,"Carbohydrates are your muscles' and brain's preferred energy source, and are not inherently bad. Especially women need healthy carbs for brain, muscle, and hormone health."
,,ACmDxS1blnA,22,"Complex carbohydrates (e.g., brown rice, whole wheat, vegetables, legumes) are generally considered healthier than simple carbohydrates (e.g., white rice, white pasta, white bread) because they keep blood sugar stable."
,,ACmDxS1blnA,23,Simple carbohydrates are not inherently bad and can be part of a healthy diet.
,,ACmDxS1blnA,24,"Mindful eating involves stopping when you're 90% full (for weight maintenance), 80% full (for weight loss), or 110% full (for weight gain), accounting for the 20 minutes it takes for fullness signals to reach the brain."
,,ACmDxS1blnA,25,"Not eating for 12 hours overnight, utilizing sleep time, accomplishes at least 80% of the benefits of intermittent fasting."
,,ACmDxS1blnA,26,"Eating three regular meals a day is beneficial for most people, especially women, as it helps stabilize blood sugar, leading to stable energy, mood, focus, and reduced cravings/appetite."
,,ACmDxS1blnA,27,"Skipping meals, particularly breakfast or lunch, can lead to overeating later in the day due to unstable blood sugar, a phenomenon common in women who are more sensitive to meal skipping."
,,ACmDxS1blnA,28,"Snacking is not unhealthy if the snack is healthy, meaning it's primarily protein and fats with fewer carbs to maintain stable blood sugar."
,,ACmDxS1blnA,29,"Eating sweets causes blood sugar to go wild, which is one of the main negative effects of sugar."
,,ACmDxS1blnA,30,"Focusing on whole foods (natural, minimally processed foods like fruits, vegetables, pure meats, eggs, dairy) is important for all three pillars of healthy eating because ultra-processed foods tend to lack micronutrients, have imbalanced macronutrients, destabilize blood sugar, and are bad for gut health."
,,ACmDxS1blnA,31,The 80/20 rule (Pareto principle) applies to diet: aiming for a healthy whole food diet 80% of the time allows for flexibility and enjoyment of desired foods for the remaining 20% without undermining overall health.
,,ZGfgMtJELVg,32,"Emotions or instincts, specifically fear and anxiety, can overwhelm and incapacitate individuals, particularly in death-defying situations where terror is perfectly rational."
,,ZGfgMtJELVg,33,"There is a distinct difference between anxiety-based 'chatter' (unhelpful thoughts) and actual, real intuition."
,,ZGfgMtJELVg,34,"Fear can be categorized into 'good fear' that makes you more alert and improves decision-making, and 'bad fear' that causes you to freeze up or make hasty, incorrect decisions."
,,ZGfgMtJELVg,35,"When controlled, fear can be a powerful tool that heightens senses and allows for quicker information processing."
,,ZGfgMtJELVg,36,"By controlling your mind from becoming overwhelmed by fear, you can effectively use the situation to your advantage."
,,ZGfgMtJELVg,37,"A crucial element in extreme situations is accepting what is happening, especially the aspects you cannot control, and focusing solely on what you can manage."
,,ZGfgMtJELVg,38,Initial frantic phone calls and clear communication are essential for a team to ensure everyone is on the same page and to develop a strategy when facing a crisis.
,,ZGfgMtJELVg,39,Isolating team members is a strategic tactic used by captors to prevent collective strategizing among captives.
,,ZGfgMtJELVg,40,"Superior knowledge or comfort with the environment can become a significant advantage, even when in a compromised or captive situation, as demonstrated by trained climbers having to assist their captors in difficult terrain."
,,ZGfgMtJELVg,41,"Extreme life-threatening situations can unlock previously unknown reserves of clarity and incredible energy, revealing deeper inner strength one never knew they possessed."
,,ZGfgMtJELVg,42,"Even captors in extreme survival situations may exhibit pragmatic, less overtly hostile behavior and can, to some extent, rely on their captives."
,,ZGfgMtJELVg,43,"Building a perception of shared survival and camaraderie, even with captors, can disarm their vigilance and lead them to believe that captives are 'on the same team' rather than plotting escape."
,,ZGfgMtJELVg,44,"Individuals removed from life-or-death situations often overestimate their certainty of action in hypothetical scenarios, underestimating the significant internal wrestling that actually occurs."
,,ZGfgMtJELVg,45,Service personnel generally do not have higher rates of PTSD compared to matched civilian populations.
,,ZGfgMtJELVg,46,"Even among those in extreme combat, like Vietnam veterans, only about one in three will experience diagnosable PTSD over their lifetime, indicating significant resilience in the majority."
,,ZGfgMtJELVg,47,Human brains are inherently very resilient and built to survive a lot of life-threatening experiences.
,,ZGfgMtJELVg,48,"Humans are generally much more resilient to life-threatening challenges than commonly believed, largely because our brains are designed for survival."
,,IGu-D4o6M8s,49,Having cute workout clothes makes you more likely to be motivated to exercise.
,,IGu-D4o6M8s,50,There is a current trend in workout clothing shifting away from highly compressive materials towards 'soft strength' fabrics that are very soft and comfortable.
2,"The pursuit of optimal physical and mental well-being is driven by a desire to mitigate the negative effects of various lifestyle factors and health conditions, and to harness the benefits of innovative products and holistic approaches.",,,
,,IGu-D4o6M8s,51,"The Ran Serene cropped tee is loose, wrinkle-free, buttery soft, and offers enough coverage to be presentable after a workout while allowing free movement."
,,IGu-D4o6M8s,52,"Beyond Yoga Sky pants are available in diverse cuts, including a trending boot-cut style, signifying a move away from traditional athletic pant styles."
,,IGu-D4o6M8s,53,Beyond Yoga offers inclusive sizing from XXS to 4X and provides maternity styles.
,,IGu-D4o6M8s,54,"Beyond Yoga is a highly regarded brand, with its space dye fabric spearheading the 'soft strength' trend in athletic wear."
,,IGu-D4o6M8s,55,"Extensive research supports creatine for improving performance, boosting energy, and enhancing cognitive health."
,,IGu-D4o6M8s,56,"The Yeti Hila mix shaker utilizes a vortex shape for thorough blending, eliminating the need for a noisy, easily lost metal ball and preventing chalkiness in drinks."
,,IGu-D4o6M8s,57,"Bala Power Balls are soft, 2 or 3 lb weights ideal for low-impact exercises like Pilates, designed not to bounce or roll away if dropped."
,,IGu-D4o6M8s,58,"The unique shape of Bala Power Balls engages grip strength, which is recognized as a proven marker of longevity."
,,IGu-D4o6M8s,59,The Chirp RPM mini is a hybrid massager combining the functions of a foam roller and a percussive massager.
,,IGu-D4o6M8s,60,The Chirp RPM mini's cylindrical shape may cause less discomfort compared to massagers that apply more localized pressure.
,,IGu-D4o6M8s,61,"The Chirp RPM mini is portable, making it convenient for quick foam rolling and travel."
,,IGu-D4o6M8s,62,"The Oura Ring's new charging case is compact (smaller than a makeup compact), portable, and stores five full charges, allowing for continuous data tracking during extended periods away from a standard charger."
,,IGu-D4o6M8s,63,"The Oura Ring provides valuable insights into sleep patterns, offers cycle tracking (beneficial for family planning or general awareness), and includes menopause tracking features that can indicate bodily distress before physical symptoms manifest."
,,IGu-D4o6M8s,64,"The Mission cooling towel, when wet and wrung out, provides a cooling sensation for at least an hour (and potentially longer), making it an effective and simple tool for cooling down during hot workouts or summer runs."
,,wO5_VVxLQaM,65,"There shouldn't be any downside to layering SPF products like moisturizer, sunscreen, and light foundation, provided each layer is allowed to dry."
,,wO5_VVxLQaM,66,"The more sunscreen ingredient you apply to the skin's surface, the better the chances of achieving a good protective layer."
,,wO5_VVxLQaM,67,Concerns that layering certain mineral sunscreens with chemical sunscreens might compromise the stability of chemical sunscreen active ingredients are not necessarily correct and do not appear to be an issue.
,,wO5_VVxLQaM,68,"Due to the specific formulation of mineral sunscreens, particularly the nature and coating of their metal oxide particles, layering them with chemical sunscreens is not considered a problem."
,,wO5_VVxLQaM,69,"A common downside of layering skincare products, including sunscreens, is that it can lead to pilling, characterized by 'little balls rolling up' on the skin's surface."
,,wO5_VVxLQaM,70,Pilling occurs most frequently when a gel-vehicle product (defined as containing alcohol) is layered over a cream-based product.
,,wO5_VVxLQaM,71,"Alcohol-containing products, especially sunscreens, are beneficial for their quick-dry finish, excellent sweat evaporation, non-greasy feel, and suitability for sports, humid conditions, and hair-bearing areas."
,,wO5_VVxLQaM,72,"Hypochlorous acid is medically utilized to clean wounds, particularly around surgical sites."
,,wO5_VVxLQaM,73,"The use of hypochlorous acid in skincare products, often applied as a toner, is considered a 'gray area' due to a lack of extensive study for these common cosmetic applications."
,,wO5_VVxLQaM,74,"There is some evidence suggesting that hypochlorous acid spray can help reduce the itch associated with atopic dermatitis, especially when sweat exacerbates eczema."
,,wO5_VVxLQaM,75,Hypochlorous acid spray may offer anti-inflammatory and antimicrobial benefits that could assist with acne breakouts and might also help reduce body odor when sprayed in skin folds.
,,wO5_VVxLQaM,76,"It is advisable to potentially avoid using hypochlorous acid with antioxidants or ascorbic acid (Vitamin C) because it might compromise their stability, although this interaction is not definitively established."
,,wO5_VVxLQaM,77,"Azelaic acid can be safely used in conjunction with any other skincare ingredient, including ascorbic acid (Vitamin C), making their combination suitable for a morning routine."
,,wO5_VVxLQaM,78,"Using azelaic acid and ascorbic acid (Vitamin C) together is a beneficial strategy for hyperpigmentation, as both ingredients (provided Vitamin C is stable) can significantly improve the condition, potentially more effectively when combined."
,,s5J40rLnMY4,79,"Leaky gut can cause brain fog by leading to systemic inflammation and subsequently to inflammation in the brain, specifically by overactivating immune cells known as microglia."
,,s5J40rLnMY4,80,"Brain fog stemming from gut issues, such as leaky gut, is very much able to be remedied."
,,s5J40rLnMY4,81,"Dysbiosis or microbial overgrowths like SIBO, along with inflammatory cytokines such as C-reactive protein, TNF-alpha, and interleukin-6, can be causal to leaky gut, indicating a bidirectional relationship between leaky gut and inflammation."
,,s5J40rLnMY4,82,"Gastrointestinal conditions including IBS, IBD, celiac disease, and GERD, or really any GI symptom, are indicators that leaky gut may be present."
,,s5J40rLnMY4,83,"Excessive consumption of a Western diet, high alcohol intake, poor sleep, and chronic stress are all factors that erode the health of the crucially important small intestinal membrane, contributing to leaky gut."
,,s5J40rLnMY4,84,"Certain medications (antibiotics, NSAIDs, anti-inflammatories, chronic decongestant use), chronic disease, and aging can weaken the intestinal barrier, thereby setting the stage for leaky gut."
,,s5J40rLnMY4,85,"Among individuals with symptoms, 25% to 88% have leaky gut, whereas only about 6% of healthy controls demonstrate it, indicating a significantly increased likelihood of leaky gut being an underlying component if symptoms, a condition, or a disease state are present."
,,s5J40rLnMY4,86,"A 2022 meta-analysis summarizing 19 studies found that patients with depression had higher levels of zonulin (a gut gate protein) and LPS (a marker of particles passing through), suggesting that some mental health issues like depression may be derivative of gut health."
,,s5J40rLnMY4,87,"A 2016 study found that individuals with chronic fatigue had higher levels of LPS (a leakage marker) and dysbiosis (bacterial imbalance) compared to healthy controls, linking gut issues to fatigue."
,,s5J40rLnMY4,88,"A 2020 study observed a significant increase in serum zonulin levels in individuals with mild cognitive impairment (MCI) and Alzheimer's disease, suggesting that the disruption of intestinal barrier function contributes to the deterioration of cognitive function."
,,s5J40rLnMY4,89,One study found a clear association between leaky gut and impaired cognitive function.
,,s5J40rLnMY4,90,"Molecular mimicry, a core mechanism underlying autoimmunity, occurs when the immune system mistakenly attacks the body's own tissues because they resemble certain 'culprits' (e.g., dietary triggers), potentially leading to symptoms like joint pain or brain fog."
,,s5J40rLnMY4,91,"The 'bystander effect' is another mechanism for autoimmunity where the immune system, while attacking a pathogen or antigen, inadvertently damages surrounding healthy tissues due to inflammation or immune attack."
,,s5J40rLnMY4,92,"A meta-analysis of 36 trials found that 38% of individuals with IBS (which correlates with leaky gut) experience problems with sleep or insomnia, suggesting an indirect link between gut health and sleep."
,,s5J40rLnMY4,93,"Individuals have many options to improve their leaky gut and should use symptom awareness as an indicator to make changes to improve gut health, which can resolve many associated symptoms."
,,KNj4HfD_lWY,94,"Dairy is one of the best natural sources for calcium, iodine, and protein, which are crucial for our bone and our thyroid health."
,,KNj4HfD_lWY,95,"Contrary to popular belief, dairy is actually not inflammatory; in fact, it can sometimes be anti-inflammatory."
,,KNj4HfD_lWY,96,"Many common dairy products naturally contain very little or no lactose (e.g., some cheeses or fermented products), and numerous lactose-free options are available with added lactase enzyme, or you can take a lactase supplement to avoid symptoms."
,,KNj4HfD_lWY,97,"Some women who experience bloating or acne from dairy might benefit from moderating their intake or switching to A2 milk products, which contain a different milk protein (cassine) that most people tolerate better than A1 milk."
,,KNj4HfD_lWY,98,"Drinking only juice, as in detox cleanses, spikes blood sugar levels, leading to undesirable health consequences such as energy crashes, mood swings, and inflammation."
,,KNj4HfD_lWY,99,"Low-calorie juice cleanses and diets are particularly detrimental for women, as they cause immense stress on the body and significantly spike cortisol levels."
,,KNj4HfD_lWY,100,"Detox cleanses are unnecessary because the body's kidneys and liver are naturally designed for detoxification; instead, focus on supporting kidney and liver health through adequate hydration, increased movement, and a diet rich in whole foods."
3,"The pursuit of health and wellness is often hindered by restrictive approaches and a lack of understanding of the interconnectedness of physical, emotional, and nervous system well-being.",,,
,,KNj4HfD_lWY,101,"Low-calorie and low-protein diets, common in many cleanses, lead to muscle loss, not fat loss, and are dangerous as healthy fats are crucial for nutrient absorption and hormone health, while protein is vital for muscle mass."
,,KNj4HfD_lWY,102,"When assessing body composition and health, it's more important to focus on muscle mass and body fat percentage than overall weight."
,,KNj4HfD_lWY,103,Restriction (cutting out food 100%) is a primary cause of unhealthy relationships with food.
,,KNj4HfD_lWY,104,"Instead of complete food restriction, implement the 80/20 rule: focus on whole, healthy, nutritious foods 80% of the time, and eat whatever you feel like for the remaining 20% (which can include junk food)."
,,KNj4HfD_lWY,105,"Skipping meals, especially breakfast, can have detrimental effects on mental and physical health by keeping cortisol levels high (as they naturally rise in the morning and normalize with food intake), leading to increased overall stress."
,,KNj4HfD_lWY,106,Skipping meals also significantly increases the likelihood of overeating later in the day due to blood sugar imbalances and energy crashes.
,,KNj4HfD_lWY,107,"Not eating for prolonged periods, even during intermittent fasting, consistently means stress for your body."
,,KNj4HfD_lWY,108,"If women choose to do intermittent fasting, a healthier approach is to shorten the eating window by having an early dinner and an early breakfast (within 60 minutes of waking), rather than skipping breakfast, especially since most IF research doesn't control for gender and often only shows positive effects for men."
,,dG4IE2rgw2A,109,"The freeze response or shutdown state, characterized by sluggishness, exhaustion, burnout, or depression, is a common reaction to trauma, chronic stress, or overwhelming situations, including prolonged negative thought patterns."
,,dG4IE2rgw2A,110,"The nervous system operates in three main states according to the Polyvagal theory: Ventral Vagal (safe, connected, flexible in energy and rest), Sympathetic (anxious, activated, fearful), and Dorsal Vagal (overwhelmed shutdown, mentally and physically)."
,,dG4IE2rgw2A,111,"The dorsal vagal shutdown state manifests with symptoms like depression, burnout, hopelessness, and unmotivation, and is associated with physiological changes such as slowed heart rate, dropped blood pressure, and altered appetite, leading to feelings of heaviness."
,,dG4IE2rgw2A,112,"Physical changes and lack of energy experienced in the dorsal vagal state are not the individual's fault, and there are actionable steps that can be taken to address and overcome them."
,,dG4IE2rgw2A,113,"To regulate the nervous system and move out of freeze, it's crucial to help it identify cues of safety in the environment, a process known as neuroception, which can be practiced by slowly scanning and noticing five visual safety indicators."
,,dG4IE2rgw2A,114,"Movement is one of the most powerful ways to get unstuck from the freeze response because it signals to the nervous system, at a biological level, that the individual is not in danger and possesses the capacity to act."
,,dG4IE2rgw2A,115,"Simple movements, such as stretching, wiggling fingers and toes, or taking a quick walk, are effective micro-habits to activate the nervous system and initiate a shift out of the freeze state."
,,dG4IE2rgw2A,116,"Experimenting with temperature, through methods like washing the face with cold water or gradually changing shower temperatures, can help the nervous system get unstuck from freeze by triggering positive effects like slowing heart rate and expanding one's window of tolerance."
,,dG4IE2rgw2A,117,"Often, transitioning from the dorsal vagal shutdown response to a safe and connected ventral vagal state requires an intermediate phase of nervous system activation."
,,dG4IE2rgw2A,118,"Activating the vagus nerve, which is deeply involved in the connection between the mind and body, can help to calm and regulate the nervous system."
,,dG4IE2rgw2A,119,"Humming, singing a tune, or letting out a long sigh effectively stimulates the vagus nerve through vibration, offering an energy-efficient method to regulate the nervous system without demanding significant effort."
,,dG4IE2rgw2A,120,"Gently massaging or tapping areas of the face (e.g., under eyes, cheeks, forehead) can stimulate the vagus nerve, which runs through the face, sending signals of safety to the nervous system."
,,dG4IE2rgw2A,121,"Prioritizing ""real rest"" is essential for the nervous system to truly recharge and restore itself, contrasting with screen time which often only distracts while keeping the nervous system in a state of stress."
,,dG4IE2rgw2A,122,"Many individuals experience burnout and exhaustion because they mistake passive screen consumption for genuine rest, metaphorically carrying their stress while their nervous system remains un-recharged."
,,dG4IE2rgw2A,123,"Multitasking is detrimental to well-being, and deliberately focusing on one task at a time can be highly soothing and beneficial for the nervous system."
,,dG4IE2rgw2A,124,"Pleasant and strong scents, such as orange zest, aromatherapy oils, or peppermint, can effectively activate the senses and provide an initial boost to the nervous system, helping to get unstuck from freeze."
,,jlhLWc_FqyY,125,"The VA's current top priority is refocusing its bureaucratic organization to have a singular, consistent focus on taking care of veterans across all its services, including hospitals, clinics, disability, benefits, and cemeteries."
,,jlhLWc_FqyY,126,"The fundamental operational principle of the VA is being re-established: if its sole clientele is the veteran, then every action and service provided by the organization should be singularly focused on their care."
,,jlhLWc_FqyY,127,"As Secretary, Doug Collins is primarily focused on three key areas: improving veteran access to healthcare, actively reducing bureaucratic barriers within the VA system, and ensuring every veteran receives the care and respect they have rightfully earned."
,,jlhLWc_FqyY,128,"The VA is actively shifting away from internal 'organizational mindsets,' 'structural mindsets,' and a 'no first mindset' to fundamentally re-prioritize the veteran as the singular client."
,,jlhLWc_FqyY,129,"Prematurely expanding certain advanced medical treatments or systems without ensuring adequate equipment, staffing, and robust trials could lead to setbacks for veterans, despite the natural desire for immediate cures."
,,jlhLWc_FqyY,130,"The VA is a leading institution in advanced medical research and innovative treatments, possessing capabilities that often surpass those of most everyday hospitals outside of dedicated research facilities."
,,jlhLWc_FqyY,131,"A primary objective in veteran care should be to proactively help individuals reduce or eliminate their reliance on medications, aiming for healthier outcomes that prevent the need for extensive future treatments."
,,jlhLWc_FqyY,132,"The VA needs robust collaboration and a proactive healthcare system from the Department of Defense (DoD) to provide preparatory and preventative care to service members *before* they transition to the VA, as both entities care for the same individuals at different life stages."
,,jlhLWc_FqyY,133,"A major area of concern for the VA is ensuring a seamless and effective transition for service members into civilian life, specifically guaranteeing that they can access their earned VA benefits, necessary treatments, and regular physicals, even if they enter private sector employment."
,,jlhLWc_FqyY,134,"The common perception that VA medicine is outdated or inferior is inaccurate; in reality, the VA's specialized care, particularly in areas like polytrauma and cutting-edge research, is competitive with or superior to top private institutions like the Mayo Clinic."
,,jlhLWc_FqyY,135,"The VA benefits from a highly dedicated workforce, many of whom are veterans themselves, driven by a strong desire to assist their fellow service members."
,,jlhLWc_FqyY,136,"While acknowledging ongoing challenges and potential negative experiences, the VA is actively and continuously working to resolve systemic issues and assures veterans that progress is being made."
,,jlhLWc_FqyY,137,"Veterans with legitimate feedback or unresolved issues are encouraged to utilize multiple accessible channels to communicate with the VA, including patient advocates at all VA hospitals, the 1-800-MYVA-411 hotline, and responses to comments on social media."
,,jlhLWc_FqyY,138,"The VA aims to proactively make veterans healthier through preventative care and early intervention, thereby reducing the need for extensive treatments later in life."
,,jlhLWc_FqyY,139,"The VA maintains responsiveness to veteran concerns, including monitoring and responding to comments on social media platforms."
,,Sw8ntW7LkPE,140,Hidradenitis suppurativa (HS) is not directly caused by diet or any specific food.
,,Sw8ntW7LkPE,141,Dietary choices likely influence the severity of hidradenitis suppurativa.
,,Sw8ntW7LkPE,142,"Hidradenitis is a chronic skin condition causing painful bumps, abscesses, and scarring, typically in skin folds or areas of friction."
,,Sw8ntW7LkPE,143,Hidradenitis is not an infection and is not related to hygiene issues.
,,Sw8ntW7LkPE,144,Drinking more water will not address hidradenitis.
,,Sw8ntW7LkPE,145,"A low FODMAP diet might have beneficial effects on gut health and reduce inflammation in HS patients, especially those with overlapping gastrointestinal symptoms, according to emerging research."
,,Sw8ntW7LkPE,146,Dietary interventions for HS are not a one-size-fits-all solution.
,,Sw8ntW7LkPE,147,Any significant dietary changes for HS should be instituted under the supervision of a healthcare provider and ideally a registered dietician.
,,Sw8ntW7LkPE,148,"Diet cannot cure hidradenitis and cannot replace established medical therapies such as medications, injections, biologics, or surgery."
,,Sw8ntW7LkPE,149,Patients experiencing HS flare-ups require care from a dermatologist.
,,Sw8ntW7LkPE,150,"At best, diet can help reduce inflammation, potentially making HS flare-ups less frequent and less severe, and improve overall skin and total body health."
4,"The relationship between diet, gut health, and hormonal balance is complex and multifaceted, with various factors influencing individual responses to dietary modifications and treatments.",,,
,,Sw8ntW7LkPE,151,Not all individuals with HS will experience a positive change from implementing dietary modifications.
,,Sw8ntW7LkPE,152,"Individuals with stubborn, uncomfortable HS flare-ups despite treatment may consider evaluating and modifying their diet."
,,Sw8ntW7LkPE,153,"Some HS patients may benefit from reducing dairy intake, cutting back on high glycemic load meals, and possibly trying a low FODMAP diet temporarily under supervision."
,,Sw8ntW7LkPE,154,Dietary strategies for HS are complimentary and should not serve as primary treatments or replace established efficacious treatments.
,,Sw8ntW7LkPE,155,"More large-scale controlled studies are needed on diet and hidradenitis, as current research is limited and insufficient to determine who will specifically benefit."
,,Sw8ntW7LkPE,156,Overly restrictive diets promoted online can lead to nutritional deficiencies and pose risks for adverse events when combined with certain medications.
,,FuY0smKNpRM,157,"Too much bacteria in the small intestine, a condition known as SIBO, can cause seemingly healthy foods like apple, broccoli, garlic, onions, and avocado to trigger symptoms such as bloating, distension, pain, and pressure because the small intestine cannot accommodate the excess gas."
,,FuY0smKNpRM,158,A recent 2024 study published in the Journal of Breath Research identified SIBO as a novel cause of idiopathic halitosis (bad breath of no known cause).
,,FuY0smKNpRM,159,The 2024 study on SIBO and bad breath found that 99% of subjects who resolved their underlying SIBO saw a corresponding resolution of their bad breath.
,,FuY0smKNpRM,160,"In the 2024 study, an 80% SIBO resolution rate was achieved using a specific probiotic protocol in subjects with unexplained bad breath."
,,FuY0smKNpRM,161,The recommendation that SIBO patients should avoid probiotics is outdated; current research increasingly demonstrates that probiotics are a frontline therapeutic consideration for SIBO.
,,FuY0smKNpRM,162,Researchers from the 2024 bad breath study recommend investigating SIBO in cases of idiopathic halitosis and considering probiotic treatment if SIBO is confirmed.
,,FuY0smKNpRM,163,"Chronic hidden infections, such as dental infections, can contribute to SIBO and other digestive symptoms, which may resolve completely once the infection is cleared."
,,FuY0smKNpRM,164,The concept of 'top-down' SIBO suggests that excess bacteria or fungi from the oral cavity (mouth or nose) can seed the small intestine.
,,FuY0smKNpRM,165,"A single-person study demonstrated that increased tooth brushing frequency (brushing after every meal versus once per day) led to a 10 to 100-fold decrease in the level of Candida in the stool, suggesting an oral origin for gut fungal overgrowth."
,,FuY0smKNpRM,166,"When bacteria overgrow in the small intestine, they can produce metabolites like D-lactate, which may cause symptoms such as bloating, pain, brain fog, or mental fatigue."
,,FuY0smKNpRM,167,"SIBO can impair the function of bile, which is produced in the liver, stored in the gallbladder, and crucial for fat digestion."
,,FuY0smKNpRM,168,"A 2020 meta-analysis revealed that up to 40% of irritable bowel patients or individuals with sensitive digestion had confirmed SIBO, many of whom were undiagnosed for years."
,,FuY0smKNpRM,169,"Small intestinal bacterial overgrowth (SIBO) can explain why some individuals do not respond well to fiber, as fiber can feed the overgrown organisms and potentially worsen symptoms like constipation."
,,FuY0smKNpRM,170,A 2025 meta-analysis indicates that patients with Intestinal Methanogen Overgrowth (IMO) exhibit a higher rate and severity of constipation and a lower rate and severity of diarrhea.
,,FuY0smKNpRM,171,"The four major tools to address methanogen overgrowth (IMO) are a low FODMAP diet, an elemental diet, probiotics, and antimicrobial or 'killing' therapy."
,,YRK9jVNfyj0,172,Hydration is crucial for hormone balance because dehydration can increase stress hormones like cortisol and disrupt your whole hormone system.
,,YRK9jVNfyj0,173,"Eating something before working out is crucial for hormone health because not eating and working out are two stressors, and stacking them can lead to cortisol imbalances."
,,YRK9jVNfyj0,174,"Banana with cottage cheese is a good pre-workout snack for hormone health, providing protein, quick carbs, and salt for electrolyte balance, which supports adrenal function and cortisol balance."
,,YRK9jVNfyj0,175,"Taking time off from intense workouts and slowly reintroducing them, only working out when the body feels ready, can help get hormones back on track."
,,YRK9jVNfyj0,176,"Cycle syncing workouts, by avoiding workouts during periods (except yoga/walks) and taking it slower before periods, while being more energetic in follicular and ovulatory phases, supports hormone health."
,,YRK9jVNfyj0,177,"A protein-rich breakfast (e.g., skyr) is super important for having stable blood sugar throughout the day."
,,YRK9jVNfyj0,178,"Chia seeds are amazing for omega-3, which is important for hormone health."
,,YRK9jVNfyj0,179,"Psyllium husks provide extra fiber, which is very important for stable blood sugar."
,,YRK9jVNfyj0,180,Ceylon cinnamon is very anti-inflammatory.
,,YRK9jVNfyj0,181,"Messing up hormone health in the past (e.g., losing period for 2 years, crazy cortisol levels) is a common situation for women, and recovery involves being gentle and taking care of hormone health."
,,YRK9jVNfyj0,182,"It is advised by experts to eat and do things that help all hormones (estrogen, progesterone, testosterone, cortisol, insulin) balance themselves out, not just a few, because they work together as a system."
,,YRK9jVNfyj0,183,Keeping a stable blood sugar is important for overall hormone health because hormones are like a little interconnected system that needs all parts to be balanced.
,,YRK9jVNfyj0,184,"Warm foods can be a good idea, especially in stressful phases, because they tend to calm our minds down."
,,YRK9jVNfyj0,185,Smart snacking involves protein and/or fat-rich options (not only carbs) to avoid blood sugar spikes.
,,YRK9jVNfyj0,186,"Cauliflower, like other cruciferous vegetables (broccoli, Brussels sprouts), is particularly good for hormone balance because it helps with estrogen detox."
,,YRK9jVNfyj0,187,"German rye bread that has been frozen increases its fiber content by turning the starch into resistant starch, which makes our gut happy."
,,YRK9jVNfyj0,188,Kimchi is a good gut food.
,,YRK9jVNfyj0,189,Eating enough fats is crucial for having healthy hormones.
,,YRK9jVNfyj0,190,"Our hormones dictate basically everything in our body and in our mind, making it important to always take care of them."
,,85gnTCbA_kI,191,Recent research found that people with anxiety have less choline in their brain than those without anxiety disorders.
,,85gnTCbA_kI,192,"Anxiety disorders are complex conditions fueled by many contributing factors, affecting up to 30% of the population."
,,85gnTCbA_kI,193,"Anxiety is not just a mindset problem, but a whole-body nervous system state where the brain, a physical organ, requires physical nutrients to function properly."
,,85gnTCbA_kI,194,"Research increasingly suggests that nutrients like choline may contribute to how calm, flexible, and resilient your brain can be under stress."
,,85gnTCbA_kI,195,"Much of the information online about 'magical supplements' for anxiety or depression is unreliable, as most supplements do not show results in rigorous research."
,,85gnTCbA_kI,196,"The meta-analysis linking anxiety and low choline was published in the 'Nature Journal Molecular Psychiatry,' which is a very trustworthy, peer-reviewed, high-quality journal."
,,85gnTCbA_kI,197,"This meta-analysis, combining 25 studies with 370 anxious and 342 non-anxious participants, found that people with anxiety had 8% less choline on average."
,,85gnTCbA_kI,198,"This meta-analysis is the first to show a chemical difference (lower choline) in the brains of people with and without anxiety, suggesting a potential biomarker."
,,85gnTCbA_kI,199,"When evaluating supplements for anxiety or depression, it is crucial to ask good questions and understand that much information around supplements is overblown."
,,85gnTCbA_kI,200,"Lower choline levels might cause the brain to struggle to downshift from fight-or-flight mode or think clearly, making anxiety harder to regulate, though it does not cause anxiety on its own."
5,"The pursuit of wellness and human flourishing is hindered by complex interplays between individual factors, societal systems, and environmental influences, requiring a holistic and multifaceted approach to address underlying causes and promote overall well-being.",,,
,,85gnTCbA_kI,201,"Anxiety is influenced by multiple factors beyond choline, including an overactive amygdala, underactive prefrontal cortex, excess norepinephrine, trauma, and habitual avoidance responses."
,,85gnTCbA_kI,202,It is currently unknown whether lower choline levels are a cause of anxiety or an effect of constant fight-flight-freeze responses depleting choline.
,,85gnTCbA_kI,203,"The association between anxiety and brain chemistry differences or nutrient availability suggests a shift away from shame and towards a holistic, systems-thinking approach to wellness."
,,85gnTCbA_kI,204,There is very little direct research on the effectiveness of choline supplementation for anxiety.
,,85gnTCbA_kI,205,"You should not rush to buy choline supplements as this research is early, correlational (not causal), and choline is not a magic fix; always consult a doctor."
,,85gnTCbA_kI,206,"Excessive choline intake can lead to adverse effects like a fishy body odor, liver harm, and headaches, underscoring that 'more is not always better' with supplements."
,,85gnTCbA_kI,207,"Established interventions with decades of research supporting their effectiveness for anxiety include sleep, exercise, nutrition (e.g., Mediterranean Diet), therapy (CBT, exposure therapy), meditation, nature time, and social support."
,,85gnTCbA_kI,208,Rigorous adherence to the Mediterranean Diet can decrease your risk of anxiety by 30%.
,,m2COxGfX2W4,209,"Wildwood Studios is being built with the mission to create ""organic human-made content,"" aiming for a more authentic and artist-driven approach to production."
,,m2COxGfX2W4,210,Empathy involves the immediate act of putting oneself in the shoes of those who experience tragedy and those who are subsequently affected by it.
,,m2COxGfX2W4,211,"The current studio system often exploits its workforce by ""squeezing every last ounce of energy, time, and money"" to prioritize better bottom lines and please shareholders."
,,m2COxGfX2W4,212,"While capitalism is arguably the best economic system, it is prone to ego and greed without the check of consciousness, necessitating the development of a better, more conscientious system."
,,m2COxGfX2W4,213,"Early film pioneers like Charlie Chaplin and Mary Pickford founded United Artists over a century ago to empower artists and counteract greedy, power-hungry studio heads who lacked creative vision and concern for artists or audience."
,,m2COxGfX2W4,214,"There is a continuous need for an ""alternative"" or ""rebel alliance"" within the production system to counteract corporate ""empires"" and foster a model focused on human flourishing."
,,m2COxGfX2W4,215,"Standard long work hours (12-16 hour days) and insufficient ""turnarounds"" in Hollywood production schedules severely damage the mental, emotional, and physical well-being of the crew."
,,m2COxGfX2W4,216,"Deep-seated, unhealed trauma can remain hidden even after initial therapy and self-exploration, only surfacing later in life to reveal previously unknown issues."
,,m2COxGfX2W4,217,"Unhealed trauma often manifests as unhealthy behaviors, which are subconsciously driven by efforts to avoid pain, find one's place in the world, or prove self-worth, without the individual even realizing the underlying cause."
,,m2COxGfX2W4,218,"Specific therapy programs, such as those offered at ""Beyond,"" are highly effective for healing deep-seated emotional issues, and their veteran-focused programs are strongly recommended for healing and support."
,,m2COxGfX2W4,219,Openly sharing personal vulnerabilities regarding mental health and one's healing journey is both inspiring and extremely helpful for others.
,,m2COxGfX2W4,220,"Radical self-acceptance, healing, and emotional wellness are vital messages that should be championed publicly through personal experience to promote overall well-being."
,,m2COxGfX2W4,221,"Unchecked capitalism, when not balanced with consciousness or conscientiousness, inevitably leads to problems rooted in ego and greed."
,,m2COxGfX2W4,222,"The historical example of United Artists demonstrates a century-long necessity for artist-owned alternatives to combat studio systems driven by greed, power, and a lack of creative vision."
,,m2COxGfX2W4,223,"The existing production system must be redesigned to prioritize ""human flourishing"" rather than merely satisfying corporate bottom lines."
,,m2COxGfX2W4,224,"""Organic human-made content"" is a necessary alternative to the exploitative and impersonal content often produced by the profit-driven studio system."
,,s5b4vaakSGc,225,"Histamines are inflammatory signaling molecules of the immune system, and a high dietary intake of histamine can increase inflammation and flare reflux, especially in individuals with existing high inflammation."
,,s5b4vaakSGc,226,A clinical trial found that a high FODMAP diet led to worse reflux in GERD and IBS patients compared to a low FODMAP diet.
,,s5b4vaakSGc,227,"A low FODMAP diet restricts prebiotics, thereby starving bacterial overgrowths and reducing SIBO gas levels, which has been shown to improve reflux and allows for successful reintroduction of these foods later."
,,s5b4vaakSGc,228,It is important to consider a diet mindful of bacterial overgrowth for individuals experiencing reflux.
,,s5b4vaakSGc,229,"When people experience benefits from going gluten-free, it may be due to a reduction in FODMAPs in their diet (as gluten is high in FODMAPs), rather than an allergy to gluten itself."
,,s5b4vaakSGc,230,"FODMAP reactivity tends to be temporary; improving gut health, for example, with a low FODMAP diet, can balance the system, allowing for successful reintroduction of these foods later."
,,s5b4vaakSGc,231,"The belief that feeling better after removing gluten indicates permanent gluten reactivity is usually incorrect, as FODMAP reactivity, which gluten can trigger, is often temporary."
,,s5b4vaakSGc,232,"Common histamine-rich foods to avoid include alcohol, vinegar and other vinegar-rich foods, certain vegetables (tomatoes, spinach), fruits (avocado, citrus, strawberry, banana), soy products, and leftovers past roughly the 24-hour mark."
,,s5b4vaakSGc,233,"Curcumin, an anti-inflammatory spice, at a dose of 1 gram per day, showed comparable efficacy to omeprazole (Prilosec) for improving dyspepsia (indigestion) in a clinical trial of 151 patients."
,,s5b4vaakSGc,234,"While acid suppression with medications like omeprazole is justifiable in the short term, it is not ideal and can have deleterious effects."
,,s5b4vaakSGc,235,"Curcumin improves reflux partly by its anti-inflammatory action, specifically by suppressing the inflammatory pathway known as NF-kappa B."
,,s5b4vaakSGc,236,"Melatonin (3 mg at bedtime) was found in a 2010 clinical trial to improve lower esophageal tone in GERD patients, a benefit not observed with omeprazole, in addition to improving heartburn and pain."
,,s5b4vaakSGc,237,"Pairing curcumin and melatonin for GERD management makes sense due to their multiple benefits, including curcumin's anti-inflammatory action for reflux and joint pain, and melatonin's ability to improve sleep and act as an antioxidant."
,,s5b4vaakSGc,238,Stress reduction is an important part of GERD symptom management because stress can worsen symptoms and is associated with distortions in the autonomic nervous system in GERD patients.
,,s5b4vaakSGc,239,"Auricular (ear) vagal nerve stimulating devices, such as the Veu stem, are recommended for balancing the brain, shifting towards a more parasympathetic state, and increasing vagus nerve function, which is strongly anti-inflammatory."
,,w3qc6GYnAU0,240,"Broken relationships are truly one of the most harmful, long-lasting results of childhood trauma."
,,w3qc6GYnAU0,241,"Attachment styles can change and evolve as you become healthier, and you can learn how to build healthy relationships and heal the broken parts of yourself."
,,w3qc6GYnAU0,242,"Your early relationships strongly influence your 'love maps,' dictating how you give and receive love and what feels normal, comfortable, or loving to you."
,,w3qc6GYnAU0,243,The most damaging aspect of childhood trauma is how it harms your ability to have safe and healthy relationships as an adult.
,,w3qc6GYnAU0,244,"Toxic families teach, through example, that love and abuse are usually connected, and that you don't deserve to be treated well or will be punished for speaking up."
,,w3qc6GYnAU0,245,"It's common for individuals with insecure attachment to dive quickly and intensely into relationships without knowing if the person is safe, leading to later breakdowns."
,,w3qc6GYnAU0,246,"People with a secure attachment style are comfortable with closeness and independence, trust others to be supportive, and can both give and receive love in healthy, balanced ways."
,,w3qc6GYnAU0,247,Secure attachment doesn't mean always feeling safe or happy and never fighting; it means being able to work through fights or differences in a healthy way.
,,w3qc6GYnAU0,248,"Rebuilding healthy, secure attachment is a slow and gradual process with no quick fixes, but effective solutions do exist."
,,w3qc6GYnAU0,249,Relationships are always there to be your teacher and provide some of the most powerful settings for neuroplasticity to happen.
,,w3qc6GYnAU0,250,"Every experience of safety helps rewire the brain, with consistent signals like a gentle tone, kind eyes, and predictable behavior activating the parasympathetic system and shifting us into calm."
6,"The journey towards healing, growth, and well-being involves cultivating self-awareness, developing healthy relationships, and making intentional lifestyle choices to overcome internal and external obstacles.",,,
,,w3qc6GYnAU0,251,"In adulthood, caring partners or friends can model calmness, offer comfort, and stay present when we're disregulated, allowing our nervous system to borrow their regulation until those patterns become internalized, literally rewiring the brain to self-soothe."
,,w3qc6GYnAU0,252,"Cultivate a growth mindset as you build healthy attachment, understanding that you won't do everything perfectly, not all relationships will last, and mistakes are opportunities to learn to apologize and make repairs."
,,w3qc6GYnAU0,253,"Don't believe the voices that tell you that you're broken, unlovable, or defective, as the ability to form healthy attachments consists of skills that can be learned on both a cognitive and a nervous system level."
,,w3qc6GYnAU0,254,"Deep healing happens in relationships; if you've been through trauma, take small, safe risks in forming connections and learn to tolerate the vulnerability that comes with healthy closeness."
,,w3qc6GYnAU0,255,"As you do the work, you'll gradually connect with healthier people, build longer-lasting, high-quality relationships, and learn from experience that you are lovable and that some people really are trustworthy and safe."
,,-E6-3gRB2OI,256,"Scott Lynch's mission is to help people challenge their limiting beliefs, reframe their inner dialogue, and live with resilience and purpose."
,,-E6-3gRB2OI,257,A personal tragedy—losing his best friend to suicide at 24—was the catalyst that redirected Scott Lynch's life toward helping others before they reached a breaking point.
,,-E6-3gRB2OI,258,"Scott Lynch walked away from a successful business career, including 1.7 million in equity, to pursue a higher calling focused on mental health and personal growth."
,,-E6-3gRB2OI,259,"The average human attention span is 'absolutely horrific,' which is a primary reason for the popularity of short-form video content."
,,-E6-3gRB2OI,260,"Content creators should adapt their approach to where human attention is naturally flowing, rather than trying to force attention onto different paths."
,,-E6-3gRB2OI,261,"Modern audiences, being busy and overstimulated, desire a specific story arc in content, including a hook, clear lessons, practical takeaways, and a concise conclusion."
,,-E6-3gRB2OI,262,"The core problem Scott Lynch aims to solve for people is a lack of clarity, coupled with a need for 'permission to be human.'"
,,-E6-3gRB2OI,263,"Providing 'permission to be human' means empowering individuals to question, fail, make mistakes, and design life on their own terms."
,,-E6-3gRB2OI,264,"In the self-help and motivational space, there is no one-size-fits-all solution, and a multitude of angles are necessary to address diverse individual needs."
,,-E6-3gRB2OI,265,Clarity is achieved by removing noise and unnecessary stimulation from one's life to facilitate deep introspection about current identity and future aspirations.
,,-E6-3gRB2OI,266,Scott Lynch is shifting his podcast to a video-first format on YouTube because video creates a different dimension and a much deeper connection with the audience compared to audio-first.
,,-E6-3gRB2OI,267,"A strategic shift towards offering less content, but with increased intentionality, allows for higher quality output and deeper engagement, such as through a Patreon community for real-time interaction."
,,-E6-3gRB2OI,268,A digital cannabis company utilizes sophisticated algorithms and machine learning to accurately match consumers to specific strains based on their preferences and needs.
,,-E6-3gRB2OI,269,"Cannabis has demonstrated positive potential benefits for individuals across a broad age range, from 21 to 81 years old, based on personal observation."
,,-E6-3gRB2OI,270,"A personal year focused on 'subtraction' (reducing commitments) has led to feeling more fulfilled and lighter, reversing past burnout caused by excessive activity."
,,5PX9ZLAGEyQ,271,"Constant exhaustion and inability to focus, even with sufficient sleep, might stem from what you are or are not eating, rather than just sleep issues."
,,5PX9ZLAGEyQ,272,"Your body requires specific raw materials like iron, magnesium, B vitamins, vitamin D, and zinc to produce energy at a cellular level; these are essential 'building blocks' for energy."
,,5PX9ZLAGEyQ,273,"Many people are deficient in essential micronutrients due to insufficient consumption of whole foods, or not eating specific kinds of foods for specific micronutrients."
,,5PX9ZLAGEyQ,274,Plant-based iron is more difficult for the body to absorb than iron from animal products.
,,5PX9ZLAGEyQ,275,"To improve the absorption of iron, especially from plant-based sources, combine it with vitamin C."
,,5PX9ZLAGEyQ,276,"Blood sugar crashes, caused by consuming pure carbohydrates (starches, sugars) alone, are a major reason for tiredness, brain fog, and moodiness."
,,5PX9ZLAGEyQ,277,"To prevent blood sugar spikes and subsequent crashes, never eat carbohydrates alone; always pair them with fats, protein, and/or fiber, optimally all three."
,,5PX9ZLAGEyQ,278,"Fiber, protein, and fat help slow down or soften the blood sugar effect of carbohydrates, leading to a more stable energy curve rather than sharp peaks and valleys."
,,5PX9ZLAGEyQ,279,"Balancing carbohydrates with protein, fat, and fiber is most important at breakfast because it sets the energy tone for the entire day."
,,5PX9ZLAGEyQ,280,"Even carb-rich foods like bagels, pasta, or cake can be consumed without making your blood sugar go crazy if paired with proteins, fats, and/or fiber, or preceded by a veggie starter."
,,5PX9ZLAGEyQ,281,"Gut issues like excessive bloating, irregular bowel movements (not daily/every other day, or multiple times daily), or persistent tiredness despite addressing other factors, are indicators that your gut health needs attention."
,,5PX9ZLAGEyQ,282,"Support gut health by regularly eating probiotic foods (fermented foods with live bacteria like specific yogurts, kefir, cooled kimchi) and prebiotic foods (like onions, garlic, asparagus, unripe bananas)."
,,5PX9ZLAGEyQ,283,"Reduce sugar and especially artificial sweeteners as much as possible, focusing instead on whole foods to support gut health."
,,5PX9ZLAGEyQ,284,"If you suspect certain foods (e.g., dairy, gluten) cause inflammation or bloating, try an elimination diet by removing that food group for 2-3 weeks, then reintroducing it to observe any differences."
,,5PX9ZLAGEyQ,285,Some seemingly 'healthy' nutrition habits promoted on social media might actually be unhealthy and contribute to low energy.
,,BDi1H94q7bc,286,"The first signs and symptoms of dehydration are irritability, fatigue, aches and pains, and brain fog."
,,BDi1H94q7bc,287,The baseline for adequate hydration is consuming half of your body weight in ounces of fluid a day.
,,BDi1H94q7bc,288,"Coffee, soups, stews, and fruit count towards your daily fluid intake requirement."
,,BDi1H94q7bc,289,Chronic dehydration is one of the three most frequent nutrition mistakes people make when trying to improve their health.
,,BDi1H94q7bc,290,Being completely out of touch with when your body is actually hungry and when it is actually satisfied is a common nutrition mistake.
,,BDi1H94q7bc,291,"If a tool or technique, like a 7-minute meditation, requires 12-15 minutes of setup and preparation (e.g., finding a quiet place), it is fragile and less likely to be used consistently."
,,BDi1H94q7bc,292,"A 'robust' tool or method consistently provides an outcome, and you can clearly state what you're trying to achieve and have a way to measure it."
,,BDi1H94q7bc,293,"A 'reliable' tool or method provides a consistent outcome, and you know what that outcome is and how to measure it, whether subjectively or objectively."
,,BDi1H94q7bc,294,A 'repeatable' tool or method is one you know how to deploy with enough consistency to get the desired outcome.
,,BDi1H94q7bc,295,"When selecting tools or strategies, focus on what is 'proximal' (close and accessible) because those are the things you will invest the majority of your time and energy in."
,,BDi1H94q7bc,296,"Even highly effective tools (like the best deep tissue massage therapist) are not very helpful if you don't have frequent access to them (e.g., only every four months), resulting in a low average benefit."
,,BDi1H94q7bc,297,Your environment plays a significant role in your recovery process.
,,BDi1H94q7bc,298,A 'fighter nap' should not exceed 20 minutes; longer naps can disrupt your circadian cycle and leave you feeling disoriented or 'worthless'.
,,BDi1H94q7bc,299,"Cold showers after a regular shower, cold tubs, and Epsom salt baths (using two cups) are effective methods for relieving sore muscles."
,,BDi1H94q7bc,300,"Varying your workout modality (e.g., switching from hypertrophy to cardio on consecutive days) can help manage muscle soreness and reduce the need for extensive recovery activities."
7,"The pursuit of optimal physical and mental well-being is a shared theme across various claims, emphasizing the importance of holistic approaches to health, self-awareness, and intentional living.",,,
,,EmKaP6HGiAo,301,"When applied transranially, red light therapy lowers inflammation and simultaneously increases blood flow to the brain."
,,EmKaP6HGiAo,302,"Transcranial red light therapy leads to documented improvements in memory, attention, and executive function in healthy adults."
,,EmKaP6HGiAo,303,"Transcranial red light therapy shows documented improvements in disease states such as mild cognitive impairment, dementia, traumatic brain injury, stroke, Parkinson's, and autism."
,,EmKaP6HGiAo,304,"Ozone saunas, NAD level boosters, and red light therapy are directed specifically at mitochondria to improve ATP production."
,,EmKaP6HGiAo,305,Molecular hydrogen focuses on mitochondrial health by helping manage oxidative stress.
,,EmKaP6HGiAo,306,"Molecular hydrogen offers incredible health benefits and can be consumed by drinking it, taking a bath in it, getting it in an IV, or inhaling it."
,,EmKaP6HGiAo,307,The easiest way to consume molecular hydrogen is by dissolving tablets in water.
,,EmKaP6HGiAo,308,"Red light therapy improves health by increasing the mitochondria's ability to produce energy, which counters the theory of aging where cellular energy demands outstrip supply."
,,EmKaP6HGiAo,309,Scientific studies clearly demonstrate red light therapy improves skin appearance by reducing signs of aging and visibly improves hair growth.
,,EmKaP6HGiAo,310,"Red light therapy led to a 30% reduction in wrinkles and signs of skin aging, outperforming collagen supplementation which showed a 20% reduction."
,,EmKaP6HGiAo,311,"Interventional trials for hair loss found red light therapy offered the largest degree of improvement in hair growth and follicular density compared to minoxidil and finasteride, for both men and women."
,,EmKaP6HGiAo,312,"It is recommended to use multiple hair or skin interventions together because no single intervention alone leads to a 'wow' level drastic improvement, despite showing visible and measurable improvements individually."
,,EmKaP6HGiAo,313,"Aging is firmly believed to be solved within the next 3 to 5 years, due to longevity science doubling every 3 months and the integration of AI, quantum computing, and artificial super intelligence, making it possible to live as long and healthy as one desires."
,,EmKaP6HGiAo,314,"Answering questions about meaning and purpose is crucial, because extended longevity without good answers to these questions may not lead to a desirable life, while having them presents an opportunity to step into an unprecedented reality."
,,GvzqdFyHQ3o,315,"Constant noise, news cycles, social media, and emotional reactions readily pull individuals away from their own lives and can substitute for essential, real conversations with loved ones."
,,GvzqdFyHQ3o,316,"Attention has become significantly fragmented, incurring a cost, but individuals can actively reclaim focus and intention in their daily lives."
,,GvzqdFyHQ3o,317,"From a therapist's perspective, excessive worry about external 'real-world' issues like politics or government is often considered a waste of time in the therapeutic process."
,,GvzqdFyHQ3o,318,"A core therapeutic goal is to help individuals center themselves in the present moment, a skill often cultivated through practices like breathing exercises and meditations."
,,GvzqdFyHQ3o,319,The ability to achieve centering and presence is a skill that requires deliberate development.
,,GvzqdFyHQ3o,320,Managing external stressors and their effects can be aided by adopting concepts such as slowing down and lowering personal expectations or 'the bar.'
,,GvzqdFyHQ3o,321,The recommendation to focus on presence does not imply ignoring global events or completely abandoning social media; it's about finding a healthy balance.
,,GvzqdFyHQ3o,322,"A widespread issue observed in many individuals is poor sleep quality, stemming from various underlying reasons."
,,GvzqdFyHQ3o,323,"Addressing current personal issues and having necessary conversations leads to greater awareness and a stronger, more present connection with loved ones, which can improve overall well-being."
,,GvzqdFyHQ3o,324,"Being constantly inundated with information from multiple simultaneous sources (TV, podcasts, social media, etc.) prevents balance, distorts priorities, and ultimately leads to suffering."
,,GvzqdFyHQ3o,325,"News outlets deliberately craft content to capture attention and exploit human reactivity, contributing to the problem of information overload and distraction."
,,GvzqdFyHQ3o,326,Developing the skill to disengage from continuous digital input and redirect focus towards important in-person interactions is crucial for well-being.
,,GvzqdFyHQ3o,327,"Text-based communication, particularly when it devolves into political 'piling on,' can be detrimental to genuine connection and often necessitates disengagement for personal mental health."
,,GvzqdFyHQ3o,328,"As a psychotherapist, it's often necessary to quickly steer client conversations away from pervasive news topics during sessions to maintain therapeutic focus and prevent the therapist from becoming overwhelmed."
,,GvzqdFyHQ3o,329,'Mental fitness' is an inclusive and valuable term that effectively covers a broad range of crucial discussions and commitments related to mental well-being.
,,GvzqdFyHQ3o,330,One does not truly understand a concept until they attempt to write it down.
,,GvzqdFyHQ3o,331,"The process of writing or articulating ideas, through conversation or journaling, transforms a superficial conceptual understanding into a more rigorous, self-interrogated, and clarified comprehension."
,,GvzqdFyHQ3o,332,Writing is a humbling endeavor that necessitates thorough development of ideas and the diligent plugging of any conceptual 'holes' to create a coherent and defensible argument.
,,9bMXhow74Zw,333,"George Kittle is a leading voice for mental health, particularly for veterans, demonstrated by significant financial donations exceeding $250,000, direct engagement through hosting military heroes at games, and the development of a free mental health resource app for veterans."
,,9bMXhow74Zw,334,George Kittle's dedication to supporting veterans and military personnel is recognized by prestigious accolades like the NFL Salute to Service award and solidified through his official partnership as a teammate of the Navy SEAL Foundation.
,,9bMXhow74Zw,335,"Utilizing affirmations, especially those focused on 'breathing in confidence and exhaling doubt,' is an incredibly helpful practice for settling nerves and mentally 'flipping a switch' for athletic performance."
,,9bMXhow74Zw,336,"Maintaining an aggressive, 'game-face' mindset constantly is unsustainable and detrimental, leading to draining, debilitating effects that can negatively impact home life; therefore, a specific sequence of events is required to intentionally transition into this intense state only when necessary for competition."
,,9bMXhow74Zw,337,"Sharing personal mental health strategies, such as breath work, through public platforms like a Netflix show, can significantly help others, including young athletes dealing with sports anxiety, to manage stress effectively."
,,9bMXhow74Zw,338,"Despite initial reluctance due to concerns about distractions, participating in public media like a Netflix show can be justified and valuable if it provides a platform to share personal struggles and helpful techniques, thereby positively impacting others."
,,9bMXhow74Zw,339,"A football player's 'tape' (game and practice film) serves as their ultimate resume and is the primary foundation for earning respect within the league, underscoring the importance of consistent effort in every single session."
,,9bMXhow74Zw,340,"George Kittle aspires for his game tape to set a definitive standard for how the tight end position should be played, characterized by aggressive blocking ('hitting people in the face'), a passionate love for the game, and exceptional receiving skills."
,,9bMXhow74Zw,341,"A successful career, particularly in football, is defined by leaving the team and position 'in a better place' than when one started, demonstrating positive impact on teammates and engaging passionately with fans."
,,9bMXhow74Zw,342,"The principle of 'leaving your jersey in a better place,' a lesson learned in college, emphasizes the responsibility to positively impact a team and position during one's tenure, considering what was accomplished while wearing the number."
,,9bMXhow74Zw,343,"George Kittle is widely recognized as a fan favorite due to his palpable energy, toughness, and an evident deep love for the game of football."
,,9bMXhow74Zw,344,"George Kittle holds the NFL single-season record for receiving yards by a tight end, achieved during the 2018 season."
,,9bMXhow74Zw,345,"Integrating narratives and quotes from beloved fictional works (e.g., Gladiator, Lord of the Rings, Halo) can be an effective and personalized method for a sports psychologist to help an athlete contextualize challenges and provide motivational support for their season."
,,kC-Eei-LeYs,346,Awareness of our thoughts and emotions forms the foundational step for mental health.
,,kC-Eei-LeYs,347,"Before one can regulate emotions, reframe perspective, or grow through challenges, it's essential to first perceive what is truly happening within one's own mind."
,,kC-Eei-LeYs,348,"Many individuals experiencing duress, stress, frustration, confusion, upset, or depression lack awareness of why they feel that way, where it comes from, what it means, or how to address it."
,,kC-Eei-LeYs,349,"While awareness of thoughts is important, awareness of the emotional energy tied to those thoughts is equally important."
,,kC-Eei-LeYs,350,"If you are aware of your thoughts but not your emotions or emotional energy, you are ignoring half of the crucial information needed for self-understanding."
8,"The interconnectedness of thought, emotion, and intuition plays a crucial role in overall well-being, and understanding this relationship is essential for cultivating mental resilience and self-awareness.",,,
,,kC-Eei-LeYs,351,"Gut feelings, instincts, and intuition are important sources of information that should not be dismissed."
,,kC-Eei-LeYs,352,"A significant number of people experience anger, anxiety, or depression when their expectations are not met."
,,kC-Eei-LeYs,353,"Expectations are an intellectual exercise that directly result in emotions, demonstrating the interconnectedness of thought and feeling."
,,kC-Eei-LeYs,354,"It can be challenging to introduce questions about expectations to individuals new to mindfulness and self-awareness, such as asking what they expect from relationships."
,,kC-Eei-LeYs,355,There's a common misconception that the rational mind inherently controls and tamps down more primal instincts and emotions.
,,kC-Eei-LeYs,356,"While it's beneficial to control impulses and act rationally, society often takes this control too far, suppressing important emotional and intuitive aspects."
,,kC-Eei-LeYs,357,"People who lean into their intuition are often more comfortable with their emotional side, integrating instinctual and emotional nature as an important aspect of self."
,,kC-Eei-LeYs,358,Striking a balance between rational thought and intuitive/emotional understanding is crucial for overall well-being.
,,kC-Eei-LeYs,359,The process of gaining self-awareness and understanding personal expectations or reasons for experiences is not always pleasant and can sometimes intensify frustrations.
,,kC-Eei-LeYs,360,"Despite potential discomfort, self-awareness empowers individuals to exert influence over their internal states rather than being passively controlled by them, allowing for intentional self-improvement."
,,ovCHiXk2JbA,361,"Translating complex brain science into practical strategies is effective for managing anxiety, avoiding burnout, and building true mental resilience."
,,ovCHiXk2JbA,362,Understanding the roots of anxiety and utilizing actionable tools are crucial for individuals to reclaim focus and balance in their lives.
,,ovCHiXk2JbA,363,"Psychiatry was historically not openly accepted or considered 'real' in some communities, indicating a past societal stigma against mental health support."
,,ovCHiXk2JbA,364,"Treating emotional and mental pain can be a profoundly gratifying professional experience, potentially more so than addressing purely physical ailments."
,,ovCHiXk2JbA,365,"High sensitivity and empathy toward others' pain can be a double-edged sword, possessing both beneficial qualities and potential drawbacks for an individual."
,,ovCHiXk2JbA,366,"If anxiety is overwhelming or 'pathologically anxious,' individuals will lack the mental capacity to effectively engage in self-help tools, making medication a potential initial intervention."
,,ovCHiXk2JbA,367,"Medication may be a necessary consideration for individuals suffering from severe sleep deprivation, such as only 1-2 hours of sleep per night, caused by a racing mind."
,,ovCHiXk2JbA,368,Starting anxiety medication does not necessarily mean permanent use; it can serve as a temporary measure during a 'season of life' when anxiety significantly impairs functioning.
,,ovCHiXk2JbA,369,"Medication can provide the initial mental space for individuals to integrate lifestyle factors, which then support reduced anxiety and may eventually allow for medication discontinuation."
,,ovCHiXk2JbA,370,Pregabalin (Lyrica) is identified as a currently favored medication for treating anxiety by Dr. Tracey Marks.
,,ovCHiXk2JbA,371,"Selective Serotonin Reuptake Inhibitors (SSRIs) such as Prozac, Zoloft, and Lexapro are considered the 'gold standard' starting point for treating anxiety and depression."
,,ovCHiXk2JbA,372,"A notable drawback of SSRI medications is the potential for side effects like weight gain and adverse effects on sexual functioning, which many individuals find undesirable."
,,ovCHiXk2JbA,373,Increased education about mental health leads to greater openness and intentionality in actively nurturing and caring for one's mind and brain.
,,ovCHiXk2JbA,374,The widespread availability of mental health information online empowers individuals to take more personal responsibility for their own mental well-being.
,,ovCHiXk2JbA,375,"Societal improvement fundamentally stems from individual change; as more people intentionally improve themselves, the collective well-being of society is enhanced."
,,ovCHiXk2JbA,376,"The historical stigma surrounding mental health, characterized by a past attitude of 'just dealing with it,' is significantly dissolving in contemporary society."
,,ovCHiXk2JbA,377,"There is a growing and promising recognition that mental well-being is crucial for everyone, regardless of their profession or perceived personal toughness."
